id	dist_bin_0	dist_bin_1	dist_multi_0	dist_multi_1	dist_multi_2	dist_multi_3	dist_multi_4
79d22e82ee0fd4c9817c385c6b17b58f	0.8693843	0.13061567	0.9656597	0.0020012283	0.012344101	0.013989335	0.006005645
a8df16f1f9ca7eda74feddc38ef451b4	1.0	0.0	1.0	1.5071736e-12	2.693453e-11	6.5322976e-11	5.945082e-11
a7ed7076a08dc3e76fa5575b2d03903c	0.9994901	0.0005098849	0.9999965	9.682307e-08	7.6432013e-07	1.7158852e-06	9.1648184e-07
49b50013b79e75ce2c75f959a9e66703	0.9732194	0.026780576	0.9984353	4.8993938e-05	0.00039118106	0.00082619494	0.00029827084
af5d90ddea21ed854b0c21953c0aef33	0.99989855	0.000101448	0.9999997	7.2824538e-09	5.8958264e-08	1.3266862e-07	1.2663253e-07
f9d177f4a6881bc9958cf647d644e6ff	1.0	0.0	1.0	7.6993304e-16	5.6743757e-14	3.057163e-14	1.10275734e-13
a685f20e85014692750fb2d2bf2f43b2	0.9537698	0.046230204	0.9963312	0.00012542421	0.0010532164	0.0018733314	0.0006168389
3e05bd30e159524e66e91a5349f80706	1.0	0.0	1.0	1.9544083e-27	4.6838127e-24	4.1030337e-25	7.598084e-24
84c9346f9c0b2a4d1de1ff2b70a63768	0.8999377	0.1000623	0.97609645	0.0012123052	0.008293809	0.010271608	0.004125783
98c1d2e0933342c093d5f4d64045d2f1	0.99824613	0.0017539017	0.9999761	6.28558e-07	4.1333788e-06	1.4805558e-05	4.330273e-06
f16ff6f64b70260cfe2b1a64c4bcd4c8	1.0	0.0	1.0	6.879398e-16	3.694084e-14	5.4977378e-14	7.5544815e-14
5b5df0e230acfe9a582731721e78d85d	1.0	0.0	1.0	4.25446e-22	1.7686137e-19	5.8302e-20	1.9667415e-19
31569f6ff2f6c8b458d888b4d334a0ec	0.9996944	0.0003056282	0.9999985	3.9450256e-08	3.3575586e-07	5.210087e-07	5.0828476e-07
50f543e7f904955fcdd218efd78b0ad1	0.99979603	0.00020400868	0.9999984	3.2960152e-08	2.614607e-07	9.758412e-07	3.5508023e-07
4199645e00a4067300697aabf9c65cae	0.99826497	0.0017350328	0.9999765	6.1618476e-07	4.545704e-06	1.4693714e-05	3.6847384e-06
cda66f2d918c7f6029761d43565c9cc8	0.99824363	0.0017563776	0.999981	5.6160957e-07	4.562896e-06	9.859788e-06	4.1029107e-06
e80b6696a3d81699810d888bbc863470	0.7752974	0.2247026	0.9123781	0.00784705	0.03315305	0.032191273	0.014430516
c559dcc3dc4afc7e461dec524597147d	0.8379282	0.16207178	0.93124205	0.0049270806	0.025434418	0.024865773	0.013530625
26bf3ba6b9078e91e2be8e814eb15d92	0.8079108	0.19208924	0.913918	0.0068842564	0.031930134	0.03059226	0.016675366
68a3fbb85b3a785929d37b816a6536bf	1.0	0.0	1.0	1.2950341e-12	3.6616186e-11	5.317522e-11	6.8002805e-11
ab4b4493f6a133d956198fca194d2af8	0.9996932	0.00030676983	0.9999981	4.883319e-08	3.6405635e-07	9.403159e-07	5.3278364e-07
42e18305fccffc8958345e762a0172ac	0.8210274	0.17897259	0.92804426	0.005278013	0.028929036	0.024912922	0.012835753
47d783e139296be61a1e96bc085292c6	1.0	0.0	1.0	4.841136e-28	1.0234988e-24	1.0370415e-25	1.1135007e-24
1556873f4f3ea6311130baba9ae69301	0.93376756	0.066232406	0.9926455	0.00035226566	0.0025555682	0.0032568588	0.0011898092
b4bf777fee5afb81cb7a8c4ed29b3685	0.7326117	0.26738828	0.83615416	0.016762104	0.056961127	0.05617085	0.03395179
02752862fe616a406197137e6419e8fb	1.0	0.0	1.0	2.7330354e-12	5.7793426e-11	8.083886e-11	1.4541854e-10
dc40c195cf437488736e6dc26b80f325	0.8862324	0.113767646	0.9677567	0.0016434613	0.011088053	0.013584514	0.0059272354
658d20b4a63d2c442b6e849447a79c1f	0.99863744	0.0013625935	0.99997133	6.053794e-07	5.1536126e-06	1.776348e-05	5.2025343e-06
e9129d2c623ee0016babec042227b88b	1.0	0.0	0.99999994	1.4436972e-09	1.4046092e-08	4.1367475e-08	2.8995828e-08
df839c4952fdf8c12f8ec14422455c81	0.97310984	0.026890133	0.99893373	3.4893692e-05	0.00029559727	0.000572196	0.00016358527
6d01062019f1d4678954950b4c71fe38	0.77438265	0.22561741	0.88601273	0.009630366	0.040402558	0.041594777	0.022359574
021969b3fd18e765d2143013d711f888	0.9859304	0.01406961	0.9995186	1.1637096e-05	0.0001010504	0.00030234523	6.640447e-05
9e4437a699489bf8dfd1658b52dd9108	0.98703045	0.012969526	0.99941325	1.4999078e-05	0.00011196189	0.00036156905	9.827181e-05
1d27c60561a021b7ae790f1f8e1ede08	1.0	0.0	1.0	0.0	2.81597e-34	3.4785934e-37	2.5109085e-34
f2bd03adf132afa4a7c7256f05c67601	0.99311906	0.006880909	0.99979854	5.1120737e-06	4.558144e-05	0.000121759265	2.9093555e-05
d540cc89127df2f2f7badb21e4e6cee9	0.9874059	0.012594107	0.9995852	1.44069845e-05	0.00010377274	0.00021408335	8.2556086e-05
b4129bbbf4b1b74a4f1378e83dd24e9f	1.0	0.0	1.0	1.6667689e-12	5.2071684e-11	5.85709e-11	1.4664658e-10
6df510008d5c34dc9d6ac86a02891844	0.9992851	0.0007148922	0.9999946	1.698504e-07	1.2632003e-06	2.4302099e-06	1.5729657e-06
ae5981b70726664e9ffe80ec15916392	1.0	0.0	1.0	5.6756145e-31	7.89948e-27	1.6651312e-28	6.939719e-27
82280e22b85c2af6fb2839a7f68dea53	0.89958173	0.10041831	0.98426014	0.0007466502	0.00622118	0.006476557	0.0022955085
0c914fde9b2fb3a802f251685d0bd23d	1.0	0.0	1.0	4.5982986e-26	8.1472065e-23	9.463439e-24	1.1518409e-22
87b39c0d3fe536247b01a684a0d3a9e6	0.9811982	0.018801842	0.99921685	2.5456016e-05	0.00017673598	0.00043525075	0.0001457678
c35be84570bd0ebf39aa8e260b99560a	1.0	0.0	1.0	5.3661264e-13	1.6197462e-11	2.7670834e-11	4.8386677e-11
b1c2af82a341acb1692920fade4d10be	0.82180357	0.17819649	0.93542296	0.004803941	0.02418444	0.02381785	0.0117708035
c9a0fba49090cbfeb991b7b665f9e914	0.98868394	0.011316078	0.9996463	1.0922693e-05	7.216579e-05	0.00019908621	7.151524e-05
517ea944d8ebaefabbe20f611412b046	1.0	0.0	1.0	8.858768e-23	9.476137e-20	8.290745e-21	1.2177259e-19
7cc164105bf1b29154b0a3e134f8a03f	0.98895043	0.01104959	0.9996939	7.4149457e-06	5.7688216e-05	0.00019775865	4.3256285e-05
b9a5f37e843de2c65b00682f179260d6	0.989649	0.01035101	0.9996394	1.0882896e-05	7.924585e-05	0.00020965174	6.0751867e-05
663200b09667260126433ccd19eab793	0.9997964	0.00020364102	0.9999988	3.3819287e-08	2.0220229e-07	6.055383e-07	3.6220715e-07
be0c2bc9ea34848f0a8736b4fdc54a00	0.9623755	0.037624497	0.9976299	9.068312e-05	0.0005974451	0.0012804166	0.0004016252
7e2066e36f9de535b8442c52a3f41126	0.99958885	0.00041112807	0.9999967	9.0457476e-08	7.0674656e-07	1.4023511e-06	1.036621e-06
78d521b4b151c04e9a3508637b5365d8	0.66242343	0.33757657	0.73422235	0.03981655	0.08669327	0.088545404	0.050722472
974617526f59baaa5fab3dccf8b76460	0.9746799	0.025320154	0.99859345	3.9595525e-05	0.0003327524	0.00079421594	0.00023994723
df709f15d1341f4f4ce5d19220905986	1.0	0.0	1.0	2.372267e-22	7.4439515e-20	2.5948153e-20	9.0678234e-20
42e78289dda1cf38dff2863c397ec9e6	0.9927863	0.0072136954	0.9998235	5.7168363e-06	4.536157e-05	9.576535e-05	2.965235e-05
64850e72f3a557006ec6dd470d05d067	1.0	0.0	1.0	3.6355513e-36	2.7036973e-32	1.906523e-33	1.4098803e-32
66aae0fa333064c432655931a53fbba4	1.0	0.0	1.0	1.398093e-31	1.839165e-27	6.0090736e-29	2.3961444e-27
c6360aa73a9cfe74d1830936de845832	1.0	0.0	1.0	6.743841e-10	5.659369e-09	1.3499508e-08	1.2854054e-08
68a045153b9fd095af598f004151fd67	1.0	0.0	0.99999994	9.1680913e-10	1.2624599e-08	2.2018638e-08	3.0834247e-08
4fc4e6eeba1518607176d9122103ace5	1.0	0.0	1.0	1.0306305e-22	5.444781e-20	2.5974399e-20	1.02999134e-19
c95a3486386e07f8f8d128f34093f8e9	0.97455984	0.025440121	0.99873084	4.5282417e-05	0.00031499655	0.0006765166	0.00023231453
9afe63c49e9fde6cbada467e9b57342d	0.9998983	0.00010164395	0.99999934	1.3285196e-08	1.298738e-07	2.7691033e-07	2.1219728e-07
1b387949cc4a06d0f075297f5462254c	0.5834194	0.41658068	0.6177611	0.06316061	0.111770354	0.120138995	0.087168865
b045dca25cd2ddbd2980e3d9d069df5d	0.76369154	0.23630844	0.8952142	0.010107097	0.03813978	0.038131244	0.018407654
d99276c280ae310daf399afaa6e9b01e	0.99176043	0.008239538	0.999737	7.641134e-06	5.8411464e-05	0.0001479515	4.8983376e-05
e6e8203994218d5153ca961c2077b52d	1.0	0.0	0.99999994	1.3665737e-09	7.472445e-09	3.3101475e-08	1.4222462e-08
35d2e9a80dc52235aefd5fe3c6f0a972	1.0	0.0	1.0	0.0	6.147641e-34	2.3005534e-36	5.604243e-34
5d36d80f8bc2f497e2e3b99e6990115b	1.0	0.0	1.0	1.74675e-14	6.8257417e-13	1.0128126e-12	1.7111542e-12
44606106eb4dc1cdb3436e2000bd0953	0.72648317	0.27351686	0.8259386	0.018646706	0.06059849	0.061449394	0.033366825
7d72eda62cf069bea76e508de64157de	1.0	0.0	1.0	1.5242608e-21	1.484275e-18	1.385582e-19	2.5117145e-18
ee6e14cc24c16d1144c810bbf02500c2	1.0	0.0	1.0	3.9367073e-14	1.5804143e-12	2.5087443e-12	3.9336863e-12
72017d4714bd3b8067db3500c74d81c0	1.0	0.0	1.0	1.6928676e-16	1.5220989e-14	1.142215e-14	3.418927e-14
4a179370105bfe033bec297b5279d980	1.0	0.0	1.0	8.157245e-32	9.836983e-28	3.78869e-29	8.207734e-28
4076e897dbfb0f0cb9159946dfff9512	0.9873848	0.012615215	0.9995232	1.36725375e-05	0.000112665315	0.00026834736	8.208286e-05
d9c7c4727d5143e0465ecc5a9609a9cd	0.7149522	0.28504783	0.8003786	0.023201963	0.06675044	0.068209276	0.04145967
81098057e61692746610b3473dc2e3e3	1.0	0.0	1.0	0.0	9.103656e-36	3.1080968e-37	3.4466432e-36
005d7beef1fcbe6d5505b94d38ec8771	0.99969405	0.00030595358	0.9999973	6.005499e-08	4.7962413e-07	1.5453969e-06	5.9429635e-07
0105830cd74286a7ee5e24a0c6ffb237	0.99989855	0.00010141143	0.9999997	5.757324e-09	7.6228986e-08	1.12137116e-07	1.2400474e-07
63f6715dc7da1acb18c5abe9ad241af5	1.0	0.0	1.0	7.904294e-10	6.8349006e-09	1.4171849e-08	1.608419e-08
f7a6a930ac6381cb401c6ae911c202de	1.0	0.0	1.0	4.3217542e-37	3.3911297e-33	4.090528e-34	2.3228764e-33
491712b02e90d2201d4da91d4bfe3ab5	1.0	0.0	1.0	8.122723e-11	9.397509e-10	3.2465728e-09	1.992107e-09
bce776727df12c4686f35a9464594cb1	0.9312369	0.06876307	0.9933443	0.00032936086	0.0023487401	0.0029035578	0.0010739422
0917bc805a3b4c3086ee7101f2740dad	0.92741257	0.072587416	0.9891015	0.0004824217	0.0035876778	0.0047447938	0.002083598
bdb40ddc0114feac321e76af3187f21d	1.0	0.0	1.0	9.311818e-24	8.15533e-21	1.8127233e-21	1.1857881e-20
09d7e3eadec1c49f42398df3d8eacfd0	1.0	0.0	1.0	5.1877454e-19	7.771355e-17	3.6772632e-17	1.5468869e-16
da29dd7bf07393096a11f1737f62e2d9	1.0	0.0	1.0	7.8597e-15	3.0271488e-13	4.1324404e-13	5.6353874e-13
10c6cbe292496a2c324d000f1168d8c5	1.0	0.0	1.0	2.2666943e-20	5.289159e-18	2.5316072e-18	8.999051e-18
65c34bd2606b9086c2b70fabbab1e165	1.0	0.0	1.0	7.0726484e-28	2.474616e-24	3.0005843e-25	3.7325376e-24
82ac443af522f06b1a0006e7dca44590	1.0	0.0	1.0	1.4969744e-38	1.6415707e-33	1.6954491e-35	1.2367047e-33
d446b5d434c80d6cb5f041dab9851d66	0.8360074	0.16399257	0.94839585	0.0035560103	0.021029124	0.017713042	0.009305966
f092d1c5c0d1c03e94664e2ea4e231d5	0.8086819	0.1913181	0.91554016	0.0069624437	0.031857528	0.030183656	0.015456164
a4db44bb0674ebc47a6815e0c2002a19	0.6483009	0.35169914	0.70987064	0.04236512	0.09305687	0.09561591	0.059091505
a3d3987c35917d7c4beae9fa37ed8738	1.0	0.0	1.0	0.0	6.1683275e-37	3.3128313e-38	2.1902923e-37
0b4ac8749e4efd6f75447ace57b568ec	1.0	0.0	1.0	5.6578006e-13	1.761615e-11	2.0806206e-11	3.1769636e-11
07f7119231828738b82f5ef3572799c0	1.0	0.0	1.0	1.8679648e-26	1.0533534e-23	3.5226304e-24	1.033705e-23
110f132f0c2fabb98e58d13c1b2d11ad	1.0	0.0	1.0	1.305263e-35	1.0381425e-31	6.297154e-33	5.562036e-32
2720dcdd9900c883b4d2078152e63c50	0.92584246	0.074157484	0.98699266	0.0006022432	0.0039888625	0.005950266	0.0024660325
b45636233df376068d9571898a24be51	0.9998982	0.00010175852	0.9999995	9.968858e-09	1.2229921e-07	1.8702829e-07	1.9304105e-07
8e1b6a78b6f1b9e864eb2f31a0857610	1.0	0.0	1.0	1.7831936e-14	9.344839e-13	1.533003e-12	3.1408058e-12
07841efb4369b186acf66cb537be5a14	1.0	0.0	1.0	0.0	3.4260104e-36	6.165525e-38	1.5774827e-36
4ba479a750ca8fb5d438a97471ac5167	1.0	0.0	1.0	0.0	1.07279565e-35	4.3243084e-38	8.5731944e-36
7a4e3419178333ffe2d560e0d86774a7	1.0	0.0	1.0	4.3158684e-13	1.7188128e-11	2.2968518e-11	3.963241e-11
959d2315889fd42ff13d76bd1a78ca26	0.8264586	0.17354143	0.9246888	0.0060373233	0.028728496	0.025982035	0.014563289
1b9b9f618332a2006de21c95e4e88579	1.0	0.0	1.0	7.277632e-16	4.105491e-14	4.5695005e-14	8.253821e-14
4d9a8275cb72e04f80e142f196957ffe	1.0	0.0	1.0	6.6857518e-12	1.7286281e-10	1.2309023e-10	3.9717424e-10
bbfa54bbb75e39ed74981ecda3d02050	0.9994827	0.00051728665	0.99999535	1.1170132e-07	1.0408418e-06	2.2692154e-06	1.239803e-06
a65f77ff9649f52130fe59fd3cf08c54	0.95119494	0.04880503	0.9960395	0.00014176429	0.0011319654	0.0020081575	0.0006785969
f1a9c7240039a1190101820255ccf4f8	0.9367856	0.06321441	0.9919301	0.0003088813	0.0024606285	0.0038490517	0.0014513212
30b2fcd2a2fda9df464cae327fd5df0e	1.0	0.0	0.9999999	1.8147792e-09	1.8983e-08	3.4904694e-08	4.1004412e-08
f0159f7b05028c62a923181131280726	1.0	0.0	1.0	1.7771662e-37	6.280984e-33	5.242694e-34	3.1965787e-33
d9002e1ed2c2bd700ee9adcc1525d025	1.0	0.0	1.0	6.9289417e-15	5.339448e-13	2.8497105e-13	1.2584141e-12
bacfa5a35a6ed3858929f8430a543648	0.71415955	0.28584048	0.81411785	0.02115852	0.061221756	0.06546491	0.038036935
0db377d0a62c8de5c66ee94f2aa7be15	1.0	0.0	1.0	4.5859613e-28	3.3781824e-24	1.4789288e-25	5.1513094e-24
28f05d7ac93c1e64eeed90747e1268ce	0.82275146	0.17724855	0.96006924	0.0029454161	0.017754871	0.013669141	0.005561285
4718fe1b72773b55c7de1c4957f58555	0.99927115	0.0007288367	0.9999936	1.627887e-07	1.4245953e-06	2.9547575e-06	1.8047422e-06
614985d778e1733c07882fa33059308f	0.995138	0.0048619877	0.9998968	2.821196e-06	2.3740877e-05	5.953054e-05	1.7093911e-05
361ddd9dafa93a20f1c420c8f5133d03	0.89618105	0.10381896	0.9751701	0.0011714292	0.009093137	0.010527375	0.004038014
dee1a06bdaba24593f8ab0b16ec90146	0.9465308	0.053469144	0.9958329	0.0001657131	0.0012632855	0.0020139248	0.0007242136
cd0a10d11da0f82ecbeb81768dbd4445	1.0	0.0	1.0	9.716679e-12	1.697727e-10	3.1963374e-10	4.7731413e-10
6d6bd31a5c0958f2f9b584128e4affdb	1.0	0.0	1.0	1.4726274e-20	5.532598e-18	1.5349527e-18	1.1628413e-17
81edea36f72339ab52cfbd5277f509b8	0.93814987	0.06185011	0.99260163	0.00028444733	0.0022446476	0.003563104	0.001306149
ea285615f73bf711cca21584ab2001a5	0.99989855	0.00010141173	0.9999998	3.2892493e-09	5.0212996e-08	8.535672e-08	8.3024105e-08
78ebc12fcaf257a7ad7c05a338b62958	1.0	0.0	1.0	5.729889e-13	1.6285346e-11	2.5757984e-11	4.8021757e-11
f2ac2d9ac700a0fb81e0fc435a782c2f	0.81040305	0.18959694	0.90971917	0.0073251673	0.0333912	0.030771922	0.018792521
ae7a74d3718a04138b9f5d6c36243cb7	1.0	0.0	1.0	1.3746064e-11	2.672694e-10	6.6235406e-10	6.061351e-10
3385a43ed13e3613012ab45fbcad7000	1.0	0.0	1.0	4.7880644e-33	5.59821e-29	3.8118976e-30	5.3124647e-29
201b6efa58c4dde100bebb6072b6c349	0.972275	0.027725013	0.99900657	3.4672532e-05	0.0002699092	0.00053695665	0.0001518703
05d5fe51c73841c312967fb1b730b6c1	1.0	0.0	1.0	0.0	0.0	0.0	0.0
863fcefc8f68d9135eb30ff6060f4c02	0.999391	0.0006090085	0.99999624	8.5217835e-08	7.169042e-07	2.2800411e-06	7.3087585e-07
b4b76e8ebbcdc0e745955b2741896e32	1.0	0.0	1.0	6.0857944e-11	7.747313e-10	2.1716402e-09	1.416797e-09
e92aa0508a1c97ea6dc558e715c257cd	1.0	0.0	1.0	3.311514e-25	4.8214497e-22	6.030011e-23	7.919051e-22
8cb6d7da8068d144652335432ed3e8fd	1.0	0.0	1.0	9.950696e-21	1.8438027e-18	3.1036956e-18	2.5925522e-18
7ff7a18fa7b79292f83248d10187f137	0.98822576	0.011774275	0.9996995	8.545222e-06	7.0752954e-05	0.00017794962	4.3214735e-05
1ae94d9ff814a11cd9342806d176350e	0.998874	0.0011260075	0.99998873	3.2750052e-07	2.6063226e-06	5.77626e-06	2.5647996e-06
bf27c7b433ee9fb45bd0c2e927c96266	0.97782797	0.022171995	0.99925894	2.0972331e-05	0.00017303939	0.00043041375	0.00011661167
7f09bf6b0f0385c60142b2c3828b43a2	1.0	0.0	1.0	1.1145563e-09	1.3166976e-08	2.8756906e-08	2.3928326e-08
f0e51a0dd6206b0057799a6b99290c90	1.0	0.0	1.0	2.3264845e-34	5.0453226e-30	2.079897e-31	9.065771e-30
3754a6d32027876b3b90cd8369f66172	1.0	0.0	1.0	4.427212e-15	2.282603e-13	4.0940455e-13	4.574552e-13
2e3aab56ab91d7c5460c30cb78128582	0.91832894	0.081671044	0.98548913	0.0006293215	0.004760283	0.0065296865	0.0025916162
95654626dd05d648a1f5bbf321aab606	1.0	0.0	1.0	2.3087625e-23	1.1011434e-20	2.4963889e-21	1.6933227e-20
a29db7d64e59b556a0f95071b1e46eb3	1.0	0.0	1.0	8.027419e-12	1.8791878e-10	2.3983932e-10	4.651753e-10
d1cfe987919872413099e21cd0c5383c	0.97443116	0.025568854	0.9989592	3.418902e-05	0.0002968291	0.00051439094	0.00019540981
a45864429880adf0208ba04de5046c81	0.8538205	0.14617954	0.9753039	0.0016091057	0.0118035395	0.008111822	0.0031716588
d1cd0d3cf289f7b3fd9b182e26b8934d	0.7362305	0.26376948	0.8734443	0.01265763	0.045716822	0.0448386	0.023342699
5e4163cfc640bd3c50942a2c1130abb4	1.0	0.0	1.0	1.2541511e-31	5.117083e-28	4.2622094e-29	4.7483514e-28
4e9b0ad40492693659a49e0b68b6f41a	0.94756347	0.05243656	0.9954472	0.00017584392	0.0013000154	0.002195177	0.0008818571
6628ff66cdbdb509ee68f29bf4b7fe86	1.0	0.0	1.0	1.2533672e-38	6.3444823e-34	1.8282453e-35	3.2632444e-34
46f87beaa96be30bee7aa775927afd7e	0.9980363	0.0019636592	0.99996734	8.1291927e-07	8.047491e-06	1.7827882e-05	5.9193003e-06
2c22e90d24b8e3a4f44d8cdc4dca899f	1.0	0.0	1.0	8.419213e-37	1.1965408e-32	1.2703185e-33	5.736249e-33
5e7d7d854b63798c9f2ca5f0e3706b35	0.94077045	0.059229527	0.9935885	0.00025634168	0.002085311	0.002976108	0.0010936926
40e3e2ff377a5bae2dc983db0e21edb7	0.9446677	0.05533233	0.99463534	0.00022300007	0.0016892032	0.0025725807	0.00087991136
0fcdf25e676cf7f9e08994c62a15c0b6	0.8272609	0.17273912	0.9215096	0.005739257	0.02764502	0.029416353	0.015689664
278092b5fbde8da1a1b4fa56de462be7	0.9257331	0.07426691	0.9869599	0.0006681201	0.004134918	0.005594733	0.0026423184
54b16f3c3162c90455a240cb2f331195	1.0	0.0	1.0	0.0	3.8385017e-36	1.2677351e-38	3.2466277e-36
e93965ec11a55ba9c29846b7585e2142	0.9978303	0.0021697457	0.99996203	1.0164658e-06	8.120871e-06	2.2139946e-05	6.690531e-06
7bfaa846b4fe236b2ad114585a2bb026	1.0	0.0	1.0	0.0	2.6901734e-36	1.0638661e-36	2.1572657e-36
c9ec8785286de4ca2365512a565dee89	0.90768284	0.09231716	0.9813966	0.0008669282	0.006545224	0.008032038	0.003159227
a400833d61b7800ac115a3bd5fba1836	0.6323316	0.36766836	0.7024889	0.043586247	0.09801361	0.09571001	0.060201243
1cee7b81e885e93f246dad257c9a1711	0.85322624	0.14677377	0.9501536	0.0028939378	0.018317575	0.020013534	0.008621403
71c246ce3ea35a24f23f5d6fde004bc0	1.0	0.0	1.0	2.0617088e-27	6.7805995e-24	6.8582477e-25	7.576551e-24
09a532f0dc57fff59ad4ed93e88bc1b5	1.0	0.0	1.0	3.5325966e-27	1.2566226e-23	8.492843e-25	2.1309192e-23
bd2bbc0944c2fe4139763aa230c9b131	0.99590594	0.004094065	0.999876	3.5892172e-06	2.0510135e-05	7.474517e-05	2.5160818e-05
f6373a13fb23394e699263d46095745e	1.0	0.0	0.9999999	1.883966e-09	2.3530975e-08	5.028983e-08	4.0212495e-08
349215c39b3a8bf066772993f72d2fe5	0.90630555	0.09369444	0.98218244	0.0008321009	0.00654778	0.0074525094	0.0029851298
87d6d70f5daae53c0aa166f1affab3c1	1.0	0.0	1.0	3.8191606e-15	2.2544056e-13	2.934338e-13	5.658782e-13
96140d4493c391ea22110b5621203233	0.9089595	0.09104051	0.9882251	0.00060327444	0.004598621	0.0047864118	0.0017866677
ef08ff79b606a6ba9d794c7c7fc078f2	0.99847347	0.0015264992	0.9999796	4.4897178e-07	4.252067e-06	1.2738241e-05	2.9153837e-06
40a7e4de90444c2644e09559889e1442	0.8726818	0.12731817	0.9632721	0.0020435113	0.01386811	0.014462231	0.006354067
6f8a7b14f8b01afd40517a9e4a0c7894	1.0	0.0	1.0	4.1468955e-29	1.7371351e-25	3.723745e-26	2.25551e-25
5205a4ac716b83f8c9c7b2850c5e7456	0.6053412	0.39465883	0.66680986	0.050849225	0.09883917	0.11318337	0.07031831
f9f57fbff6d2dfc2080d0292e74c3ae4	0.9816239	0.018376146	0.9992045	2.2623028e-05	0.00020109041	0.00042658046	0.00014517759
9cf3d2a72958a79736308311316124ae	1.0	0.0	1.0	1.02277055e-10	1.177775e-09	1.5291741e-09	2.3763636e-09
b387213c4e4085bf2124eb2dc62b7602	1.0	0.0	1.0	2.2519272e-12	4.0729583e-11	8.183155e-11	8.929053e-11
a97cfc296085a16651b770a1c90aac7b	1.0	0.0	1.0	2.029524e-16	1.724583e-14	1.3109855e-14	4.55908e-14
77ebcce3de629b3e96f0fa33ee04d84f	0.9848476	0.015152387	0.99949515	1.624695e-05	0.00012160384	0.00027600385	9.0928406e-05
86d82f4a71b8ed5dd7725c88fbdea827	0.7590634	0.24093662	0.87235665	0.011783211	0.04715482	0.043181498	0.025523737
7e3d6b625d85fb68378280a43b9be24a	0.9998991	0.00010092136	0.99999976	5.824305e-09	5.671014e-08	1.3013864e-07	8.618382e-08
828029245ad33979001d60fe80409836	0.99568707	0.0043129805	0.99993193	1.9699987e-06	2.0178959e-05	3.4521192e-05	1.1362267e-05
d7e80470659f9e530d5cccb7e96bc290	1.0	0.0	1.0	2.9051907e-35	5.146734e-31	1.2489948e-31	4.699617e-31
3bc8b5b7f75118154b0c1195c50de740	0.79809487	0.20190516	0.895785	0.008753983	0.038717736	0.036099594	0.020643711
66a6ea64595d5cf978c67170e9863080	0.90616804	0.09383192	0.98427117	0.00068757526	0.0057752123	0.0067871036	0.002478908
a884568d1b20cb5ee38fc002c9518cde	0.9996938	0.00030618528	0.99999744	6.806015e-08	4.7732556e-07	1.3766584e-06	6.716082e-07
d06fc947a8d0bdb04c8d4ea565f231d7	0.98275363	0.017246388	0.9989709	2.1661303e-05	0.00019316906	0.0006417286	0.00017246879
9f50414d3f10f0f76d9012d8d6871752	0.9998986	0.00010138231	0.9999994	1.324922e-08	1.1304954e-07	2.8699776e-07	1.7710126e-07
ec074b5c7cbdc21063bd263f48575552	1.0	0.0	1.0	0.0	1.220437e-34	3.9565738e-36	1.2646657e-34
c325f3d9ebfa2e92adebfa54746d5046	0.9481483	0.051851664	0.9955165	0.00015833415	0.0013399435	0.002180531	0.0008046884
36cb234cc4a8aef385eb2c14793d530d	1.0	0.0	1.0	1.11138705e-17	1.2934644e-15	6.56592e-16	2.685752e-15
f27e83962e91247daa9c71b47aaf27df	0.9344403	0.06555966	0.99177533	0.00034200074	0.0026169824	0.0039326577	0.0013330972
a771ba7b75acce2be9c137c1b3f8cfd5	1.0	0.0	1.0	2.3006302e-12	4.6511187e-11	8.870964e-11	1.1411571e-10
58c53de8a97be0484641076dbdd59dd4	0.9815321	0.01846795	0.9992315	2.6580703e-05	0.00019237665	0.00040590466	0.00014363356
a43a7231daf50b252aebe50e08a85d69	1.0	0.0	1.0	1.0557618e-10	1.009957e-09	2.9433793e-09	2.4526385e-09
356f1ce4de35ef36e7d0773b718ef719	1.0	0.0	1.0	7.691555e-15	3.497864e-13	3.9745765e-13	8.2011925e-13
bfa4865916d951d2caef509af417e8e2	1.0	0.0	1.0	3.0789808e-13	8.59747e-12	1.5324162e-11	1.4204521e-11
5fe406d10928cdabe3b1ea99053c79eb	1.0	0.0	1.0	7.9773986e-19	6.1468506e-17	4.3067724e-17	1.5806913e-16
4b63496856d87f889ece83f5c16f666d	1.0	0.0	1.0	0.0	1.528692e-36	4.9494373e-37	2.7267065e-36
88ec16726ce5e31f361b35638560bd1a	1.0	0.0	1.0	1.183701e-26	2.667312e-23	3.1860145e-24	2.716975e-23
a299fe9aa52d2d2d7be0a6c4786a63e2	0.8608839	0.13911611	0.95796496	0.0027029424	0.015712203	0.016105955	0.00751398
5c3dbbe7a186092985bb75f353e8ace8	1.0	0.0	1.0	3.050469e-15	1.3641098e-13	1.8170335e-13	2.7652284e-13
9af5d8feacaa6e696ca8db25601e37b9	1.0	0.0	1.0	6.977981e-13	1.9114202e-11	3.0064777e-11	4.0150938e-11
8639637551f0645f526b55e237c88c1e	0.6597043	0.34029564	0.7377141	0.03365407	0.082815886	0.09256569	0.0532502
43c1fabe214e74c124e7c309853496f5	0.68243885	0.31756118	0.7684185	0.028074108	0.07585322	0.08019295	0.04746123
bb5d8c908828f2cd3a66d496d896f02c	1.0	0.0	1.0	3.0612026e-13	1.211328e-11	1.4110711e-11	3.553439e-11
4008bea390652ea173ed7367bbcbe974	0.72645396	0.27354604	0.84906334	0.016221602	0.051285144	0.054129086	0.029300893
b2f8d75d120a7a036daf4539b3287706	1.0	0.0	1.0	0.0	0.0	0.0	0.0
9945ddddffa0cf5c545272204487a451	0.8590719	0.14092809	0.956774	0.002469294	0.014899902	0.017988063	0.007868707
69286669087e32ebfca7c3a1a9a23bc2	0.7651799	0.23482011	0.88633186	0.010263001	0.04289983	0.03883164	0.021673666
57a77f5ad7a20e86c799511e7143de59	0.69344854	0.30655152	0.79646635	0.02337622	0.06703168	0.07106823	0.042057525
5a84c60f27f35d3f334ad4e2f1d31ad2	1.0	0.0	1.0	3.680315e-36	6.9513317e-32	3.2782308e-33	5.645747e-32
5b6cbd1f66b4b0750ab8e236d601b405	1.0	0.0	1.0	1.3715969e-29	3.2297583e-26	5.4164846e-27	3.35528e-26
5f2e19fa1ce74054205e727f1835bbca	1.0	0.0	0.9999999	1.9395334e-09	1.6750219e-08	4.713232e-08	3.5369695e-08
79b2c60723ed6da2c8c44e64b5939992	1.0	0.0	0.9999999	2.4021392e-09	2.7230874e-08	7.060174e-08	4.585214e-08
87d4e41c9618624de0c9084d8d08a8dc	1.0	0.0	1.0	7.148114e-26	1.2252773e-22	1.896038e-23	2.0224231e-22
921ad1dd631f44508f6aede79ef05b13	0.5877903	0.4122097	0.6275252	0.059873715	0.11006439	0.11941349	0.08312318
87baf6ebd42cdb2796df4fbdc5fd8e80	0.7357913	0.26420867	0.8565573	0.01584884	0.050138123	0.049866684	0.027589114
d778eb61dc12c83e384d70c63f1f32c6	0.97228324	0.02771673	0.9983787	5.462204e-05	0.00048370165	0.0007766294	0.00030638068
e6a94439ae1efd7d4a3c0c7a3d46dd95	0.76984197	0.23015805	0.8727139	0.011169512	0.046524715	0.04323879	0.026353084
f325186e027cf69905ff9a0f0ccd8c11	1.0	0.0	1.0	2.4020046e-13	8.590699e-12	1.0632223e-11	2.2456101e-11
e88c9584b04e993bc55e42a7a66589a4	1.0	0.0	1.0	6.651957e-11	1.0954914e-09	2.1646487e-09	2.9209815e-09
f4bfe3f1ba4ccef2dcfd07a13cd48286	0.94574594	0.054254077	0.9946273	0.00022251479	0.001669481	0.0025368545	0.0009438525
a90ac8e766bafc349f187a1b9ece9434	0.99404323	0.005956772	0.99992913	2.418081e-06	1.6814336e-05	4.1559328e-05	1.0039648e-05
f23f71f692d6d61a31fc362fc6b0ca8e	0.9998988	0.00010117146	0.9999996	8.083444e-09	5.6589897e-08	2.2540824e-07	1.06898895e-07
62b0e809081b123f38ea85cba7912958	0.99989855	0.00010144778	0.99999946	1.412967e-08	9.810702e-08	2.5823908e-07	1.9401917e-07
cc82dc9dd3c4402224e3838496dfc6c0	0.9601215	0.03987848	0.9976695	8.402941e-05	0.00063447084	0.0012304862	0.0003814235
45324b8265d1ab92a3d8cedef1affe05	0.61844164	0.3815584	0.66495657	0.054555736	0.09924639	0.1138623	0.06737904
c68c432237a17da7503a0fcbd2bb41e7	1.0	0.0	1.0	3.4597918e-20	1.1207578e-17	2.708961e-18	1.5630916e-17
2b923b9b19b7a802b280ccb6a4596847	1.0	0.0	1.0	7.315285e-11	1.3851377e-09	1.7736568e-09	3.753564e-09
be9242662bf1bfa4cc5cf0ac9184e1d4	1.0	0.0	1.0	1.6606638e-10	2.4246318e-09	5.523678e-09	4.9983724e-09
cf598e0ad2d1bca1c6e049d66605fba5	1.0	0.0	1.0	0.0	5.2720545e-34	1.7422153e-36	4.8290956e-34
2f51d6ae95e1ae024b8cbfb2b6b373d1	0.77380115	0.22619887	0.8782856	0.011320207	0.043624047	0.040933106	0.025837062
597e457748f64797159360f2a858a5d6	0.81907946	0.18092051	0.9363375	0.0048013474	0.023949195	0.024350481	0.010561506
47b30031a72cb1811bdf4738c282b013	0.9675869	0.032413088	0.9983982	5.8863523e-05	0.0003999679	0.00085986627	0.00028312826
4037ed6ebd8c4ace3999b2630a307931	1.0	0.0	1.0	3.524419e-11	6.2468486e-10	1.2160417e-09	1.7241457e-09
3f8b1b0e65149b1f4ea1237f052d7c87	1.0	0.0	1.0	0.0	1.30601e-35	3.5404162e-37	6.4592525e-36
0fa5fb9164e192e2861065ac29dc9f9b	0.9961427	0.0038572708	0.9999092	2.308059e-06	2.0772544e-05	5.3684038e-05	1.39875065e-05
77edc698bbe33a9f53288fce373b3030	1.0	0.0	1.0	1.8689568e-32	3.0226604e-28	6.0931612e-30	3.34956e-28
8bedf59fc5c1750e8c0a47602eb3fd27	0.6544098	0.34559023	0.73067784	0.035311606	0.084569044	0.09462146	0.054820064
74e3623379387932ba38e14cc1f91151	0.7410845	0.25891545	0.8442365	0.015653288	0.057643197	0.04970691	0.032760106
a30abc848defccd1656448b25b1a72dc	0.99465394	0.005346033	0.9998499	4.745677e-06	3.115881e-05	8.626265e-05	2.793003e-05
66f27fc5a8cf165e13e3dc671edc1675	0.7274085	0.27259147	0.83718914	0.017438704	0.05703185	0.055728767	0.0326115
a3b72502dcda117681c01bd4479a6e78	0.7769335	0.22306652	0.89067036	0.010820175	0.03861377	0.038377248	0.021518383
5b8a44ba75eb1eab3aee93f51eba5c4c	1.0	0.0	1.0	3.787138e-17	2.0222992e-15	1.3064168e-15	2.5319297e-15
ce8553fd726d5a2805db9c68763a8abb	1.0	0.0	1.0	1.1923095e-22	4.8393833e-20	1.6836612e-20	8.041158e-20
97e6bd36c8367bed6d7bc8fdee1a7b47	0.91806483	0.08193516	0.9845101	0.0006910757	0.005159876	0.006981917	0.0026570233
3e6096973ca96638d08a62f90aacd8a1	1.0	0.0	1.0	8.956734e-15	4.8453483e-13	4.3318013e-13	7.654419e-13
5b8e78e6dc33b9d6bca062edb5fb96d4	0.97131574	0.028684227	0.9983809	5.2564184e-05	0.00036826503	0.00087409664	0.00032412985
f635e53ce96dc3bf475e226fbd9464a1	0.6976731	0.30232692	0.80168253	0.022343323	0.070359364	0.06848726	0.037127495
bcc6f805ad4f140635196fa43d274b0e	1.0	0.0	1.0	1.5978978e-30	2.097439e-26	8.248003e-28	2.6908955e-26
f71c7eead4c3238ea6af53d29c5a69f9	1.0	0.0	1.0	1.1337359e-16	7.1615e-15	8.034096e-15	1.2659625e-14
a0229ba14d3fc48a493be22c57cd192b	0.81208116	0.18791884	0.91910416	0.005961836	0.029588215	0.029526627	0.01581914
00aaeb4da82f8f91bbae6acad063f5f9	0.9633629	0.036637142	0.9978106	8.30582e-05	0.0005465952	0.001172633	0.00038711613
619d42876677107bf95466b00e738571	0.8499285	0.15007153	0.9514	0.0033677584	0.018770507	0.017776804	0.008684977
3f9487d57264a966fce9401c511782b6	0.99749804	0.002501975	0.9999469	1.3794597e-06	1.11181e-05	3.168111e-05	8.964224e-06
dc0bf0f312fe0c5f7a03bdf331787f18	0.9067985	0.09320148	0.9817837	0.0007928863	0.0067903753	0.00744522	0.003187788
806dd1db49db3d543562e2c4a5bd45d1	0.9849824	0.015017624	0.99930304	2.1416676e-05	0.00015606162	0.00037260764	0.000146843
086d2e4d704b22f637f7076da1b28e1d	0.7182711	0.28172892	0.8013436	0.023621598	0.06521933	0.067963764	0.041851733
bee9783c83fc4440a2c386410d2be7ba	0.83859557	0.16140439	0.941001	0.003938747	0.021516042	0.022554135	0.010990093
a9aa96938566fcbda17d582fa0649dd7	0.9982536	0.0017464053	0.99997795	5.111667e-07	5.0474896e-06	1.2541769e-05	3.9539095e-06
8c797ca2ab1a1a52b833d1341de82034	1.0	0.0	1.0	2.6616877e-18	2.4464487e-16	1.2256737e-16	4.53763e-16
8ddb9c871f02f4950c618231337b5678	0.8999325	0.10006746	0.97811985	0.0010122578	0.007468663	0.009646116	0.003753172
040daed9b22ca6dd982832cda11b96ca	0.837746	0.16225393	0.9522467	0.0033508297	0.019683028	0.0174229	0.0072964975
2f3c5d4b57ba8d25719acdac65618b85	0.7840919	0.21590815	0.8875018	0.01028051	0.040265273	0.039655935	0.022296514
1b0dd210261c8de61fe01cb26db2104c	0.9990689	0.0009311364	0.9999894	2.7265895e-07	1.9773156e-06	5.9476174e-06	2.4127814e-06
dfa1b1a35724b93599c71a990b423bb9	1.0	0.0	1.0	1.6503369e-13	6.8872893e-12	6.9969495e-12	1.970779e-11
b7b307ac2fa91675306f20fa2bbf4466	0.9875882	0.012411793	0.99954903	1.3719239e-05	0.00010674201	0.00024211204	8.841169e-05
6e844c0644ce3ffaf0288d37345ca736	0.9549001	0.04509991	0.997197	0.00011251511	0.0009337608	0.0013672109	0.00038954907
086f707095ec51cbbc94ad45713b4a4b	0.99699146	0.0030085503	0.99994975	1.6668042e-06	1.484999e-05	2.334283e-05	1.0301491e-05
9eb01ec2c24cd92b564fabab5bd9664a	1.0	0.0	1.0	0.0	6.41787e-35	2.9930338e-36	4.4234025e-35
79904b5e654b336a5c5be69511073a77	1.0	0.0	1.0	5.4948183e-27	9.947721e-24	1.8230672e-24	1.233272e-23
f9f6910564d02ec08c94feca367f5b21	1.0	0.0	1.0	0.0	3.9911186e-37	0.0	4.5143254e-37
6d29c9644c6da183de3412b28b4d609b	0.6254414	0.3745586	0.69344807	0.04474548	0.09643559	0.10279029	0.062580526
b0301ea4f94d515b7273f1f6ee554302	0.99825644	0.0017435756	0.9999783	6.094531e-07	5.1273873e-06	1.1529905e-05	4.4916806e-06
d2f8d2afa80bea179ef7960675549389	0.97123766	0.028762357	0.9987329	4.9489674e-05	0.00035500922	0.0006225631	0.00023999426
94eb77507fe3f7f0174ddc9d202fb978	1.0	0.0	1.0	8.9104825e-13	1.5398965e-11	4.1489354e-11	3.6550592e-11
bc956682441732ae7e176e74d50b4b00	0.999898	0.000101993115	0.99999934	1.4600133e-08	1.2007399e-07	3.0824944e-07	2.2533955e-07
d3b47978962ca63991a5c58f958947a6	0.7351791	0.2648208	0.83372563	0.017544655	0.058504764	0.05439887	0.035826065
ede0b86ed26b3099fb14dd0de26ad465	0.9956024	0.0043976004	0.9998839	2.7550884e-06	2.441888e-05	7.118689e-05	1.767317e-05
38af0230a25e81685ac35d683f014bab	0.6285081	0.37149185	0.71341854	0.039723545	0.08935669	0.10050932	0.056991924
4cb03aaa3f7076fa248b6f8a32d9b86c	0.94330627	0.05669375	0.9946152	0.00018822483	0.001568507	0.002676589	0.00095141225
5fdc8d708fab76cc3ccc4476b2a3418d	0.6065913	0.3934087	0.6480411	0.055949565	0.10358606	0.116115764	0.076307505
b52667b0611d36b1cbd8f393395b40d0	0.9970292	0.0029707884	0.99994516	1.1241215e-06	1.0028216e-05	3.648855e-05	7.1487807e-06
80360b18153b1243c48e17e0d48bdba5	1.0	0.0	1.0	0.0	0.0	0.0	0.0
903cce33c2beddb0bc604dcf477dc4ea	1.0	0.0	1.0	5.6413067e-34	7.796331e-31	3.482003e-31	6.420822e-31
00c14e102864f2ec89c6276d11a39f27	0.9314407	0.06855931	0.993263	0.0003093112	0.0023861644	0.0030589786	0.0009825333
bd406be46d430e1a1456988b29d66a5f	1.0	0.0	1.0	3.251241e-27	1.3544584e-23	7.31297e-25	1.4750257e-23
ed663e99b8b12b31e59b7b096cdb1ec9	0.9234757	0.07652432	0.99160576	0.0004148722	0.0029602926	0.0037888708	0.001230215
2678d6985b10c3aba4af23178c395ea7	0.60318613	0.39681393	0.658075	0.053786036	0.1038588	0.11014304	0.07413712
9278718f44a087223ac9a77f4c8289d3	1.0	0.0	0.9999999	1.8471527e-09	1.2977918e-08	6.605329e-08	4.5054914e-08
5ac3e2b6707cb4b569fce6506eb7b8ef	0.9842101	0.01578992	0.9994269	1.9070138e-05	0.0001356252	0.00031287674	0.00010549056
eb79016d078f42fcfbcee76117bc7d19	1.0	0.0	1.0	9.477642e-11	1.1276086e-09	3.3208571e-09	1.851179e-09
a2c477700481b28b2f6bcaec7736bf20	0.99916965	0.00083031895	0.99999	2.4055313e-07	1.9874483e-06	5.654667e-06	2.1514188e-06
7500d3c2e718447e7d52a1afef0c33c7	1.0	0.0	1.0	3.3978962e-29	3.5948478e-25	3.6549682e-26	8.939315e-25
9da2b2edc08604ea6d4ba7e32e00a346	1.0	0.0	1.0	2.6958914e-11	4.874709e-10	7.4660506e-10	1.0498759e-09
864664220174771233bfb3e74c288e73	1.0	0.0	1.0	9.325924e-18	4.7487425e-16	5.8853384e-16	5.3183595e-16
b9c419b765238c55abbb84b9f849f851	0.6971004	0.30289963	0.79559326	0.023955807	0.06840886	0.07118356	0.0408585
7549ecdd5353657d949bd3ec913364b8	0.6486979	0.3513021	0.7155536	0.03914686	0.09209282	0.09215039	0.06105633
465149b89dd44dd46828fe5343d0d290	1.0	0.0	1.0	0.0	3.865362e-36	0.0	2.6686479e-36
6cd80083b360fbd9c1bfa430ed26d1ac	1.0	0.0	1.0	3.939324e-13	1.2491459e-11	1.7695657e-11	3.5198063e-11
07e0ae05fb89bb012db9d9bb6077e50c	0.8606337	0.13936633	0.9574389	0.0023895933	0.015607731	0.01696086	0.0076029836
c017d856ddc9c8a437283823a1543349	0.99989897	0.00010098753	0.99999976	4.5406217e-09	4.442917e-08	1.1286688e-07	6.852954e-08
b8f1d69773e2a5fc47753a072b0e3661	1.0	0.0	1.0	1.6824127e-10	2.0704227e-09	3.9724055e-09	3.6342525e-09
8b611e99e4059d915b613471aa48f2c8	0.9419589	0.058041096	0.9932172	0.00025083363	0.0019682904	0.0033372263	0.0012264269
8ce76628a013fc4eafb8e189422243f7	1.0	0.0	1.0	3.536869e-11	4.0684367e-10	1.1982573e-09	1.0411811e-09
06b39cc6dfdf145d362bcedf36ec7b01	1.0	0.0	1.0	0.0	1.2627621e-33	7.0878794e-36	1.2144977e-33
2e506a634f453833c16e8eceb2cce696	0.99907565	0.0009244003	0.999991	2.2895907e-07	1.8129588e-06	5.1376187e-06	1.8245418e-06
5a006cad198c22764d3b3896600a090d	1.0	0.0	1.0	3.3175964e-17	2.2853322e-15	2.5988834e-15	4.575368e-15
8036fce7a37cc7a50e54063f604d5fbb	1.0	0.0	1.0	2.6843475e-16	1.8260692e-14	1.6498923e-14	3.767166e-14
9401ec44c12b94ca4ae4f4c86261226b	0.949325	0.05067497	0.99487513	0.000192021	0.0014778422	0.0025256965	0.0009292974
37ba1585f62f930a2c0d9b5e35d1fbcf	0.9321503	0.067849696	0.9918109	0.00038825878	0.0027461217	0.0037522346	0.0013024925
8eddc554901fc171fc55b5c0b8c961cb	1.0	0.0	1.0	9.063551e-24	9.340471e-21	1.794799e-21	1.207719e-20
61c3a02bbd2e068721a17ca1ae919f49	1.0	0.0	1.0	2.3108488e-17	1.3575883e-15	1.0148762e-15	3.1945602e-15
dc7c29fde1aa3094187bafcbc8c5c429	0.8187717	0.1812283	0.9216414	0.0060787788	0.030134803	0.026368855	0.015776172
0f9a5b7ee73ea4dfcc8b46bad796bde9	1.0	0.0	1.0	8.432504e-10	5.908167e-09	1.5834225e-08	1.2873893e-08
e15e844ae9a99d8199dc6b38b4a52876	1.0	0.0	1.0	3.149667e-12	7.898145e-11	1.6219392e-10	2.3787203e-10
f31a70dbbe533b7538f99b1de00fb0f2	1.0	0.0	1.0	0.0	8.917442e-34	3.8648018e-36	8.546493e-34
c09f83f8ff2f8f98b125fd35ec567609	0.99989945	0.00010051313	0.9999997	8.353812e-09	6.477046e-08	1.1564932e-07	1.0471857e-07
13b0eac663d8bfe573429b7e733fa72a	1.0	0.0	1.0	5.2540425e-35	2.3058497e-30	3.531132e-32	2.4930277e-30
70bcbb38f4ac28e0162a1d6378bb5b61	0.9997974	0.00020259395	0.9999991	2.4704432e-08	1.6823624e-07	4.4378507e-07	2.7535128e-07
5fd6f1db596c61177fbf96a05a2e9d3f	0.8965357	0.10346428	0.97343105	0.0013170906	0.0088622635	0.011576153	0.0048134453
a93e943e3f46cfb05a1e4a7a8d95f5c2	1.0	0.0	1.0	8.932492e-11	8.8325225e-10	2.3714504e-09	2.2927045e-09
64007c2a70d744b5b08aaa99fd7635ec	1.0	0.0	1.0	1.9804387e-24	4.9322674e-22	2.0750485e-22	3.743466e-21
810e8b7caec91fe1b4d1e35a76a60fb7	1.0	0.0	1.0	5.9276855e-20	1.12309025e-17	7.10584e-18	2.2800703e-17
3aedfa9e9b397db6d9e9dcae45dfcd75	0.9895897	0.010410296	0.9996087	1.1682058e-05	8.439607e-05	0.00022244417	7.2774164e-05
0f96120ec3bedb96676eb29ea86a6de8	0.98422843	0.015771596	0.99936974	1.7002416e-05	0.00012101711	0.00039206757	0.000100185556
121948289511d3f64a28e7bd1217ea3f	1.0	0.0	1.0	6.8460876e-10	6.7697137e-09	1.4509051e-08	1.3309049e-08
620757eee74d4bbc13a46715f418df79	0.83038676	0.16961329	0.94630945	0.0038620837	0.020414783	0.020380242	0.009033474
d4f194f1503ad097e7e1f7bcbe9439d6	0.7986139	0.20138606	0.9022487	0.008226771	0.0369735	0.032984972	0.019566054
bcb964b35b070c3cd5307b4b184839c1	0.6761284	0.3238716	0.7651387	0.027950369	0.07732759	0.08340947	0.046173844
77e77472037b9bcc1df52e4e43a111ba	1.0	0.0	1.0	3.0760296e-27	3.0635263e-25	2.2298024e-25	1.8966365e-25
6bfb63540b8e7596f2217b8ec489de5d	1.0	0.0	0.9999998	3.1953988e-09	2.9987394e-08	6.7443324e-08	5.7545023e-08
1d7efaa8da1057a16c68147bab813000	1.0	0.0	1.0	1.2773097e-20	2.7238206e-18	1.671625e-18	3.548279e-18
52cfb17162b06521e25c51cfbe66a0c1	0.9998989	0.00010109727	0.9999998	3.9329073e-09	4.8716817e-08	8.445058e-08	7.743356e-08
a1958a21ed98a166f807dfd401560f6b	1.0	0.0	1.0	1.4007623e-31	2.413151e-27	5.8898356e-29	3.9402497e-27
08ad5d099de8fead54824f68edb3af41	1.0	0.0	1.0	1.09369985e-13	4.1531765e-12	6.559337e-12	1.0453998e-11
4f09ada0b9e51a3f3efd48016d9f52bb	1.0	0.0	1.0	1.6866991e-10	1.8509658e-09	4.0120547e-09	4.73331e-09
42ce568fd822a56d5abd21f261ab7252	0.6401873	0.35981274	0.6859437	0.046791654	0.0952643	0.10568987	0.06631047
7671f15f2f517ebb6bc4eeadf061e284	1.0	0.0	1.0	6.4660235e-16	3.1508226e-14	4.8183063e-14	4.9142856e-14
17d9800a6b6942ed5eae67a70bc6c7eb	0.85664225	0.14335777	0.9611816	0.0021922158	0.014774411	0.015166541	0.006685218
4524de8e6e6b750284ed9fb07c5cb460	0.9783205	0.02167947	0.99912363	2.6145908e-05	0.00023509607	0.0004693765	0.00014573672
887af3a8671912d15aa15ba218b5de67	0.99989796	0.00010204013	0.99999917	1.6140053e-08	1.7313248e-07	3.9490396e-07	2.5630493e-07
58eb80b12b056dc7df764d44dbe78890	0.9993933	0.00060671126	0.9999958	1.0626492e-07	7.390693e-07	2.4308868e-06	8.7427543e-07
cb84a56aa3b71cac3f3177acd91f832e	1.0	0.0	1.0	8.5499524e-11	1.0284871e-09	2.4611067e-09	2.5712459e-09
35a8ba21e79fbd11cd10213814ded241	1.0	0.0	1.0	3.6289928e-16	2.4938183e-14	2.3338993e-14	5.2365708e-14
c33cf7bd420ee8345663ec6489b9fbb4	0.9077479	0.09225206	0.9868187	0.0006499969	0.004624991	0.0055505396	0.002355774
6e59ec66c17288458293f9e7e5c94359	0.99917287	0.0008270976	0.99999094	2.3907512e-07	1.7664573e-06	4.8508805e-06	2.18346e-06
c5b46b36a63fd44afbb32f50b31f1f79	0.90348506	0.096514955	0.98061746	0.0009817067	0.006514522	0.008350531	0.0035357582
8c17d1d10af5fb0c566b3d5ec269feb5	1.0	0.0	1.0	0.0	2.3779648e-38	0.0	0.0
be07f904d82e423d9d0a8abeb21c6a20	1.0	0.0	1.0	4.2774265e-27	8.2163965e-24	1.4119583e-24	1.1540439e-23
b8466bd07ab0da7191d9e03f5dbf4fc9	1.0	0.0	1.0	6.74831e-19	6.412399e-17	3.3725676e-17	9.101869e-17
6af1f7226844077ac9136599b1959b5b	0.66831625	0.33168373	0.7570996	0.031462476	0.080731146	0.08264959	0.04805717
d456b17c39cdc0ec8623dbe139063864	0.99906695	0.00093306194	0.9999873	2.65125e-07	2.4023775e-06	7.732116e-06	2.3331231e-06
892f79b1c3920f979ae91dfaba81e848	0.99035263	0.009647377	0.99971884	8.635167e-06	6.231924e-05	0.0001555425	5.462608e-05
3884fa0536ef50d50014d92a9dd4e35e	1.0	0.0	1.0	8.082951e-10	5.598173e-09	2.7406264e-08	1.1089893e-08
5bcd8a4d68ac23618d6dd0f2f43809bf	1.0	0.0	1.0	3.1211633e-24	6.6189625e-22	7.115807e-22	1.2639844e-21
fcf87d856727d22aa7b6a1cc79e5916b	0.9765068	0.023493143	0.99881476	3.8278482e-05	0.0002949089	0.0006367682	0.00021528693
d0cfcbd140bb5777c1ae9b66be56839f	0.9420855	0.05791447	0.9943072	0.0002437968	0.0018113353	0.0026432914	0.0009943479
339141daff33864e32feb07b43106f81	0.94398636	0.056013618	0.99442965	0.0002089772	0.0016839381	0.0026919374	0.000985494
ab23005bd6cf887f5eccef6cd36b6deb	0.99989873	0.000101255115	0.99999964	7.985332e-09	6.270512e-08	1.9705192e-07	1.06119934e-07
6ec65edc61bb88f2af3914b39fe4728f	0.9846664	0.015333577	0.9994573	1.820488e-05	0.00014344833	0.00026560877	0.00011546509
3bc63ff683969bf71645b12f90a2abec	1.0	0.0	1.0	9.63666e-10	1.4090351e-08	2.1571903e-08	2.6368614e-08
5b881bfa066d40488d5092e9406124c6	1.0	0.0	1.0	4.3820078e-10	4.663042e-09	1.0620379e-08	1.0120631e-08
fd3180bdb73359e223998e3f817b1778	0.8901894	0.10981061	0.9715166	0.0015549777	0.00979145	0.01208008	0.005056884
2e7414d8d10c6ac184b141e5bcb6fa57	0.9521277	0.047872256	0.9958448	0.00015874853	0.0011350146	0.002056961	0.0008045103
3e3011091573aa04f3bff2f8d71aee59	0.8863746	0.11362544	0.97238934	0.0013889624	0.00960072	0.011956009	0.0046649016
1202ffb10aae89109f3d7085bec668f3	0.8949058	0.105094194	0.97750676	0.0010670415	0.007426744	0.009940321	0.0040591033
ee960a0bc8ad2e2594e9730141b0052f	1.0	0.0	1.0	4.154655e-36	3.0011114e-32	3.321685e-33	2.3275344e-32
06074c59eea27a991aa376d68f9b337e	0.98389673	0.016103268	0.99936366	2.118146e-05	0.00015773643	0.00033671423	0.00012074679
5116369b062d8288eb643b8e53f7d403	1.0	0.0	1.0	2.724666e-23	1.3321295e-20	5.2874366e-21	2.1168009e-20
bfee7952c4e61d33c54881a069014d4d	0.7218535	0.27814648	0.8396579	0.017129943	0.0564412	0.055902254	0.030868728
17f056c3f4552d1d5c5533caedb47178	0.97194636	0.028053677	0.99872464	4.3018194e-05	0.0003194599	0.0006906042	0.00022223504
039d771bbc85dad60dc45f55dc8722a2	1.0	0.0	0.9999998	2.7244464e-09	3.980011e-08	6.608653e-08	7.12913e-08
dffc32539452696627879b1574dc33d8	0.93363345	0.066366546	0.993922	0.00022605508	0.0019902932	0.0030300946	0.0008315589
545ea692feec4bbc534a588f81eddb95	1.0	0.0	1.0	1.2335339e-18	1.9916517e-16	1.5569273e-16	4.9419624e-16
a381b4cbb6682db87b73e72b98670883	1.0	0.0	1.0	1.5477137e-12	4.521685e-11	4.616561e-11	1.1914733e-10
1bc901b42788b4426a13688f51018f09	1.0	0.0	1.0	4.4228705e-24	2.1464713e-21	1.841354e-21	2.5313136e-21
394d5c62ac24c8cbb4b5b983affd75b0	0.94869745	0.051302552	0.9963151	0.0001474737	0.0012270465	0.0017343941	0.0005759514
db1410e02057a96b0241f91d373d801b	0.91799796	0.08200208	0.98545545	0.0006889759	0.004879583	0.0063702213	0.0026057113
dd6bc90c70ea2435d62464ab55f04be8	1.0	0.0	1.0	3.1918438e-15	1.7663266e-13	2.1576325e-13	3.5764314e-13
b60b2abb85c57e3ba9e5223e7be1ea9d	0.9996972	0.00030279762	0.99999887	3.0614512e-08	2.2318059e-07	5.693709e-07	2.58397e-07
36d4e1a1d7f01938510eb22c1d056a8d	0.9998992	0.00010074672	0.99999976	5.404992e-09	4.208371e-08	8.9927745e-08	7.8576086e-08
c801d6b1d1cceebe3786d8c69e70e6e4	1.0	0.0	1.0	1.4200773e-31	5.707909e-28	8.4427894e-29	8.59317e-28
5292ea6e0aade6c0ffb4059372f20e88	1.0	0.0	1.0	4.6884054e-17	3.5513989e-15	2.2107316e-15	6.398111e-15
f25d48d250b1f7ba2d5f8fddcb67ac11	1.0	0.0	1.0	1.895323e-37	3.1882872e-32	2.893016e-34	2.5508607e-32
eb084f4ead3f6410c51f82ad7c514d09	1.0	0.0	1.0	2.328559e-14	7.362573e-13	1.2195455e-12	1.3818445e-12
ce43cf2f2b5a771e990358d30efdddcb	1.0	0.0	1.0	0.0	1.104866e-37	0.0	1.116313e-37
592bdee237ca653e0584a4a0cbbed7ab	0.87743884	0.122561194	0.96928585	0.0016407155	0.01083502	0.012718546	0.005519852
714b456745fcaaf2e84c1f4057581d9d	1.0	0.0	1.0	1.7961834e-20	4.811409e-18	1.9264815e-18	6.8378695e-18
179a1e3c2f25d055bcef7f643961ad5c	1.0	0.0	1.0	5.6185234e-18	5.0424147e-16	3.5191254e-16	1.1295534e-15
a654edf62d16e849d1a7f28e7a98763c	0.87290436	0.12709565	0.95953345	0.0023222407	0.01485022	0.015544284	0.0077498644
a3117fe611d655773eb4ef2078f54f75	0.9998982	0.000101801044	0.9999994	1.3730245e-08	1.4678328e-07	2.4907195e-07	2.4194378e-07
a233ef521ffe24a96534f0b9aaa440d7	1.0	0.0	1.0	6.88481e-12	1.4218603e-10	1.9622101e-10	4.2507156e-10
cfbc6e0121275650a8e0bbf4d019f41e	1.0	0.0	1.0	1.6794227e-33	3.134949e-29	8.959088e-31	2.9907504e-29
5e77812ad8e039d423d06e467144ee40	1.0	0.0	1.0	8.81793e-25	8.625245e-23	1.0805489e-22	4.092518e-23
1c768a12a7fe1c485ce623eebebc188c	0.99776745	0.0022325667	0.99997145	7.105098e-07	5.9308336e-06	1.7422746e-05	4.5097095e-06
d46af1c8fb800fc59af3793bdc51ed26	1.0	0.0	1.0	4.0984815e-25	2.6150244e-22	1.0814355e-22	7.9730356e-22
fe82e541f4dab9f4656181926387d8eb	1.0	0.0	1.0	2.0868661e-13	5.5785077e-12	9.938584e-12	1.260322e-11
08293804a610bb35b603877372f4a32f	0.9998984	0.000101622376	0.9999996	7.970929e-09	9.157319e-08	1.9244663e-07	1.4276497e-07
8789f844cc4df2c261c2bd7c38ddf853	0.9963704	0.0036296367	0.9999277	2.139328e-06	1.5693753e-05	4.1728246e-05	1.2707009e-05
d92869fabca3fa69da86348734dfeaf9	1.0	0.0	1.0	2.9710957e-25	3.044158e-22	6.7615666e-23	3.3513724e-22
a1bb18bcf2ce778ba3e7863fc8a9f545	1.0	0.0	1.0	2.8881586e-23	3.962419e-21	3.3985455e-21	3.3561973e-21
98ab331f80a3d1dde7510464312447c4	1.0	0.0	1.0	1.1248664e-15	7.542014e-14	1.0719588e-13	1.64794e-13
2d47d6d9f44e82c1a6ce33bae10fb856	0.6000828	0.39991722	0.6502165	0.05473055	0.10582696	0.115182966	0.07404302
599f5721f95f277ebbd3976920517da9	1.0	0.0	1.0	1.0065775e-33	9.578504e-30	2.6559902e-31	1.4227681e-29
41604b06a6208048cc0c943cd958d91c	1.0	0.0	1.0	6.522476e-33	4.3306837e-29	1.6421807e-30	3.3811647e-29
e440a4a94089fef1e7a7e0872ff0af75	0.9992759	0.0007241039	0.999993	1.6557749e-07	1.7627459e-06	3.1357215e-06	1.8392379e-06
fe476860b779f568b5eda3033a5c9618	1.0	0.0	1.0	5.779287e-37	3.1866335e-32	5.590321e-34	1.9402076e-32
07876ae54748b3a93e785a4a0a3aea88	1.0	0.0	1.0	8.914428e-31	3.7722104e-27	3.677383e-28	3.8183945e-27
f1d61b1202555fab9cbf2e118563c950	0.9998985	0.000101496014	0.9999997	6.3802443e-09	5.5709513e-08	1.4811025e-07	1.1143585e-07
45e047b4d843c904cc7f08244f8a8e43	1.0	0.0	1.0	0.0	3.6289595e-34	4.615691e-36	2.3201033e-34
3ac9783e030750289db966af329b059b	0.8974073	0.102592744	0.9792304	0.0010205766	0.0073587005	0.008782782	0.0036075532
12394232edbc915a684791dcb4002836	1.0	0.0	1.0	4.317337e-15	1.8319275e-13	1.3631786e-13	3.3091412e-13
03a8628c6ae1758870e8e257fb9ae601	1.0	0.0	0.9999999	1.7574676e-09	1.6202637e-08	3.8996724e-08	4.570602e-08
6aa6e2d60d8159f1c49a21a8947cea42	1.0	0.0	1.0	0.0	8.8045066e-35	7.334297e-37	6.458344e-35
acbdb4798915c31495766b9140e0e9b7	0.9982225	0.0017775642	0.9999628	9.483891e-07	7.9262745e-06	2.0996022e-05	7.30196e-06
7750c5bf8dbcba823c35ebfba5c2405f	0.950559	0.04944099	0.99568695	0.00017632911	0.0011988167	0.0020537165	0.0008842431
ca01c47d27b18d862fe5c0f33cfdd3e7	0.75304615	0.24695386	0.8531464	0.014233657	0.052511342	0.050305355	0.029803267
9011f3d85b847694717ff79759ed5588	0.8876263	0.112373725	0.9757484	0.0012716817	0.008959647	0.009883306	0.004136926
6dc43a84080daffdd300341d2c2257eb	0.9997969	0.00020308787	0.99999905	2.2723894e-08	1.6315704e-07	4.821635e-07	2.69394e-07
4713b77f68303dbbd2b0264be2dcd5c7	0.923823	0.07617699	0.98915464	0.0005048537	0.0037893509	0.0044731237	0.0020779967
8ca571fad066b395f40dfd3d08e277e1	1.0	0.0	1.0	6.429796e-11	1.1551949e-09	2.3480013e-09	2.323742e-09
62d9b51cf32313868926d86f28616c2a	0.9627709	0.03722913	0.9984829	5.253054e-05	0.00040820107	0.0008897638	0.00016657483
976ecedeea3b7abe028b9ea457a6318c	0.9805359	0.019464068	0.9994517	2.0126905e-05	0.00013581169	0.00030053212	9.1806905e-05
256cb2147fc0c733f67e538ee27fd207	0.7418135	0.25818655	0.8638442	0.013357009	0.04816828	0.0484714	0.026159106
9ff3c1a784c4621440d4899c4cafbe11	1.0	0.0	1.0	6.678628e-11	1.1284392e-09	2.6976608e-09	3.0871488e-09
667955a72a5d80152f24f19d1a0fcfa2	0.7332264	0.26677358	0.8515904	0.015199248	0.052133825	0.052083418	0.028993158
f7e5b7cbc118ecc4551860d574ae1ac8	0.9453301	0.054669887	0.994473	0.00019608822	0.0017891825	0.0025479025	0.0009938711
da7538a5aadc1f02202f7666d9b4cba6	0.91626316	0.08373682	0.9878064	0.000495871	0.004426152	0.005437835	0.0018336822
86841ef1b756466635d20cd0bb3a1eba	0.80011415	0.1998858	0.92188275	0.006644949	0.029501067	0.027445449	0.014525753
d76f9f17aef57818650b6240c613cae8	1.0	0.0	1.0	6.348025e-13	2.2080308e-11	2.7712296e-11	5.2783347e-11
448d947e04f1806e8a1a707d13e043b1	0.625426	0.37457398	0.681473	0.05054078	0.10296346	0.10212276	0.06289998
38dbc57ddb1de99248c815228a3e6077	1.0	0.0	1.0	4.1256922e-20	9.0522105e-18	5.766438e-18	1.587719e-17
24b2ad5f08a88cd1849287e495ed5014	0.9232365	0.07676351	0.9906905	0.0004393813	0.003495982	0.0040174937	0.001356619
a584e49f4665f2ebbef2c1643a9bc723	0.834022	0.16597801	0.94717276	0.0032376074	0.020441508	0.019911265	0.009236808
ef53785d0396c7a7f7ac7cb56432f6e3	0.9550339	0.04496607	0.99775857	8.026528e-05	0.00062399864	0.0011987744	0.0003383846
6e1969a6c9229e8df95e72653efff31e	0.8168997	0.18310027	0.9098252	0.0064848065	0.030920772	0.034061424	0.018707857
b3c75af3cabc765653e5eda65d19ea24	1.0	0.0	1.0	6.416646e-20	1.18648215e-17	6.2408837e-18	1.9267692e-17
510961b6e83cbdaffc0be2037702a72b	0.94561976	0.05438028	0.99451345	0.00021457644	0.0017840633	0.0025972386	0.00089063775
b2eee9b24c651a0bd25a42d90a07a70d	0.7433371	0.2566629	0.8588417	0.014692535	0.048996218	0.04951329	0.027956212
e3ebfd83f4d631d1b053f10d1a7b2d7b	1.0	0.0	1.0	6.136395e-11	1.0011194e-09	2.3830442e-09	2.1637194e-09
7674a82bec5fda61df79445ab6f6c6b6	0.89294297	0.10705705	0.9723838	0.0014745268	0.009039106	0.01215366	0.004948825
ad98c9cc09e545d2a7584574a78b97d9	0.8757297	0.12427031	0.96508634	0.0018884086	0.012189061	0.014711032	0.0061251638
036eb0bcbee610d8953878da570f0c64	1.0	0.0	1.0	1.2304227e-18	9.0273866e-17	9.339563e-17	1.6573531e-16
912dd368172e612d91f3d39359800edc	1.0	0.0	1.0	3.1020576e-21	3.1830706e-19	2.6497927e-19	4.393035e-19
1bd0fc5a421de4cd1a7eaa6df1bd17b4	0.95376045	0.046239514	0.9961096	0.00014265254	0.0011887705	0.001929384	0.00062963605
68e078f2d83ba55819f394514a5b4a09	1.0	0.0	1.0	4.2665755e-26	2.3587575e-23	1.1443774e-23	3.0915642e-23
4d5370f0982f50f33e13baadb0dd697a	1.0	0.0	1.0	1.0416702e-09	7.2941626e-09	1.9127016e-08	1.1481261e-08
39a5cff44994fc77862053b49a712283	0.99897367	0.0010263553	0.9999885	3.3395565e-07	2.4410251e-06	5.824578e-06	2.8351665e-06
ff5b8ba4e42d53fca6d66b93a9819049	1.0	0.0	1.0	2.8965e-12	6.141948e-11	8.521804e-11	1.4190234e-10
3878c678003e8943fd202b4fe1084984	0.99138707	0.00861292	0.99978405	7.683556e-06	5.581251e-05	0.00011089269	4.1585565e-05
c0202024a0e688193644d1c6c63b2700	1.0	0.0	1.0	1.5970495e-13	2.8264246e-12	1.07273305e-11	6.0180493e-12
b97ada59ca82d7bad0a6824997874e5e	1.0	0.0	1.0	4.4329445e-21	1.021614e-18	5.703539e-19	1.996442e-18
69223fbccaac0cec0d4150c163083771	0.9477016	0.052298434	0.99481136	0.00020117089	0.0014962761	0.0025668521	0.00092440145
46258abaa8d390a0aa6d7e700bcb2663	0.7572038	0.24279617	0.85947573	0.013810917	0.05040823	0.04756925	0.028735848
e205ab856dd90c160eb173f16a0d0c51	1.0	0.0	1.0	8.880004e-33	1.6487859e-28	6.211063e-30	1.2382704e-28
19b6e4ea99c85bda56460f893ae536e8	0.9996966	0.00030338977	0.99999887	3.3911466e-08	2.5489223e-07	4.5960292e-07	3.8685806e-07
7d663e03a88917909256be0cea161187	0.7274024	0.27259764	0.84296143	0.016275546	0.054141752	0.055955663	0.030665586
9b2d298b8935b95615ede247073f2d05	0.9652797	0.03472029	0.9978761	6.760102e-05	0.00047568828	0.0012207448	0.0003599465
4cda7fe7f3258c053a2d55435c313aa0	1.0	0.0	1.0	1.2404996e-10	1.2976549e-09	3.725192e-09	2.7256375e-09
4e601b1beda0d737442d5f71feddb68d	0.95885795	0.041142043	0.9972822	0.00010765323	0.0008646788	0.0012839758	0.00046147843
8b13363603bba2285aa495305abb3243	0.6676486	0.33235136	0.7461604	0.03511162	0.084480464	0.082769416	0.051478162
61be9adf023652f4d4ab9c68632a167c	1.0	0.0	1.0	2.7594665e-10	2.0508972e-09	9.262124e-09	4.3969273e-09
d73fd28aa41591de295e9334401680e6	1.0	0.0	1.0	1.6276887e-20	5.9719272e-18	2.3992194e-18	1.0388154e-17
8067475592c79797c86f09514b7f82ba	0.9550967	0.044903263	0.99736714	9.582344e-05	0.0007616003	0.0013474998	0.0004279069
e908b9d68c59ab9b2ce5667f9926145f	1.0	0.0	1.0	2.0767674e-14	6.487281e-13	1.0773933e-12	1.8101818e-12
d197f26abcd29f874a1cd91dd0388586	1.0	0.0	1.0	1.7173781e-11	2.3920382e-10	5.2207577e-10	5.9115507e-10
2955e29b8200967ad86c85539974bb1f	0.9850286	0.014971388	0.9994851	1.6066977e-05	0.00012470152	0.00027930687	9.4809955e-05
5726d9c1f66c926f5003b315d6a243af	0.98105496	0.018945027	0.9992296	2.579178e-05	0.0001855866	0.00041886754	0.00014016352
617f82f6f95954d1eae2fc2f8f631a33	0.91150296	0.088497005	0.98217225	0.0008895819	0.005987456	0.007747266	0.003203373
b90c58b62a0ff40f8c52aac3e5346efc	1.0	0.0	1.0	1.1151003e-14	7.0879896e-13	6.83318e-13	1.5368675e-12
decd14b9b888c1166d37e52560e0353c	0.99989957	0.00010043423	0.99999976	5.0531583e-09	3.3516585e-08	1.0288233e-07	5.5555834e-08
221e8daa9a2c531857157ddf3f4c39fd	1.0	0.0	1.0	1.1052196e-23	3.5362743e-21	7.885981e-22	4.0110085e-21
cd293ff22e755c7edca19c178cbf9fb9	0.9997959	0.0002041073	0.9999993	1.7526904e-08	1.4719795e-07	3.776814e-07	2.4822728e-07
f766c0d70c561cf3df60883283385b98	0.98855066	0.011449335	0.9997137	8.810344e-06	7.146624e-05	0.00016281783	4.3198168e-05
7cef26078d87dabe6dc955c64c3bbacc	1.0	0.0	1.0	9.289307e-13	1.8604233e-11	6.285693e-11	4.1859047e-11
12e3730aa3efd3abe52771c2c4cf3899	1.0	0.0	1.0	2.271555e-16	1.4317271e-14	1.623223e-14	2.8859744e-14
45c19e20e207ec3881cc39cb616bb983	1.0	0.0	1.0	2.6389063e-28	3.8539728e-25	5.1487894e-26	3.7646957e-25
b91b7cc2d677696d43e0423acce07d41	0.9972974	0.0027025533	0.9999537	1.4142638e-06	1.0424212e-05	2.5251986e-05	9.183987e-06
b012cda63790f7e6f9d6b86fe0d6e649	1.0	0.0	1.0	1.4964041e-22	9.5097427e-20	2.4109882e-20	1.9822122e-19
b49a36d082682b04ba521716d3b2ee31	0.9693013	0.030698696	0.99750173	7.693708e-05	0.0005593702	0.0013603969	0.0005015676
be012dfc3dcc1b08040c9e0bdc38543c	0.9910978	0.008902217	0.9998106	6.4051924e-06	5.7070407e-05	9.533427e-05	3.0605283e-05
8cd8d6bfd2fc11e992dac364fc87733f	0.9968104	0.0031896532	0.9999365	1.7266876e-06	1.4033609e-05	3.7613532e-05	1.0116902e-05
d23e660ccc1256a2ab62545995cc065d	0.9997968	0.00020320056	0.99999917	1.9617591e-08	1.6137875e-07	3.8931802e-07	2.3864993e-07
f894eace52669a444100fc45268aca62	1.0	0.0	0.9999999	1.5785897e-09	1.893543e-08	3.9616488e-08	2.9975705e-08
5cf47a5f0ceaf2c080e614b010769ec3	0.99989885	0.00010114131	0.9999995	1.2101747e-08	8.223453e-08	2.7905165e-07	1.4212212e-07
1bf82c68760ed6dacdafaa96c4bb5b0d	1.0	0.0	1.0	2.687184e-17	2.1571818e-15	2.917292e-15	3.6503207e-15
6c3d861aa651a70abd66d5afdc58b2db	0.9156706	0.084329456	0.9828165	0.0007786101	0.005854642	0.0075526014	0.0029976019
51d614c8b56498e24c26d17e0b827dbe	0.69845366	0.3015463	0.79816943	0.02366343	0.06872397	0.06889584	0.040547322
2a387325835646a32415b36b2143600e	1.0	0.0	1.0	3.9022434e-33	3.76021e-29	3.896047e-30	3.2461314e-29
fb001863f1f1e13ba9a25a5520128042	0.93522763	0.06477243	0.9899778	0.0004841626	0.00305077	0.004517368	0.0019699587
780175ad00183d9015468362d2188cec	0.9536078	0.04639218	0.9971177	0.00010363403	0.00082439213	0.0014190242	0.00053521356
e1cd1109eadfd3b35eb171421631eec8	0.98653793	0.013462058	0.999497	1.36040435e-05	9.168083e-05	0.0003210021	7.673795e-05
b77c301c5a1521b477d36d59669ef8dc	1.0	0.0	1.0	5.8849703e-19	9.022464e-17	4.5819655e-17	1.7177824e-16
66aa81358ec8519f9fffdf8a7c124f01	1.0	0.0	1.0	2.8125833e-15	1.5807782e-13	2.2555497e-13	4.3608078e-13
851d103e929f213914e55764cbf27f95	1.0	0.0	1.0	6.457303e-22	4.093822e-19	6.1985025e-20	7.638819e-19
e4003e8f0f1c76363608f2e0dba3a50d	1.0	0.0	1.0	4.724404e-11	6.520869e-10	1.873739e-09	1.6716921e-09
c6c1e918d18e422502b71cfb49ca0547	0.8533578	0.14664218	0.9517111	0.0028607417	0.019222338	0.017936781	0.008269026
b8dae88451ee331dedcf77067d06871b	0.97766393	0.022336056	0.99895394	3.5347526e-05	0.00025164694	0.00056614616	0.00019299591
067cfc69074dac7dfcab6f86b8a7db80	0.9807671	0.019232921	0.99914324	2.6443435e-05	0.00018660653	0.00049576565	0.00014800714
90ba110a1bba8e399747b89221b9bd4d	1.0	0.0	1.0	0.0	5.6989716e-34	9.032122e-36	5.1698866e-34
0edbf9fd43d6edcd341bf52a98eb4aeb	0.9820461	0.017953891	0.9993894	1.7419348e-05	0.00013447266	0.00035291206	0.00010577452
4f8408fbf8df90aaa720e05448cc5cea	0.99979705	0.00020295686	0.99999905	2.5786251e-08	2.0410187e-07	3.962886e-07	3.4414657e-07
